{"cameraMode":{"drawMode":0,"name":"Shaded","section":"Shading Mode"},"sceneLighting":true,"audioPlay":false,"sceneViewState":{"showFog":true,"showMaterialUpdate":false,"showSkybox":true,"showFlares":true,"showImageEffects":true,"showParticleSystems":true},"in2DMode":false,"pivot":{"x":4.4624409675598148,"y":10.959949493408204,"z":-12.766156196594239},"rotation":{"x":-0.44104212522506716,"y":0.3708942234516144,"z":-0.20690228044986726,"w":-0.7907014489173889},"size":5.4451727867126469,"orthographic":false}