{"cameraMode":{"drawMode":0,"name":"Shaded","section":"Shading Mode"},"sceneLighting":true,"audioPlay":false,"sceneViewState":{"showFog":true,"showMaterialUpdate":false,"showSkybox":false,"showFlares":true,"showImageEffects":true,"showParticleSystems":true},"in2DMode":false,"pivot":{"x":-0.07815384864807129,"y":2.923391819000244,"z":-0.9442224502563477},"rotation":{"x":-0.44235488772392275,"y":0.32740098237991335,"z":-0.1775236576795578,"w":-0.8159149885177612},"size":5.410257816314697,"orthographic":false}