{"cameraMode":{"drawMode":0,"name":"Shaded","section":"Shading Mode"},"sceneLighting":true,"audioPlay":false,"sceneViewState":{"showFog":true,"showMaterialUpdate":false,"showSkybox":true,"showFlares":true,"showImageEffects":true,"showParticleSystems":true},"in2DMode":false,"pivot":{"x":53.84449768066406,"y":301.08056640625,"z":-391.9123840332031},"rotation":{"x":-0.2679242491722107,"y":0.15296880900859834,"z":-0.04315511882305145,"w":-0.9502953290939331},"size":123.10191345214844,"orthographic":false}